"id","id_tipo_servicio","nombre","descripcion","estado","recurso","id_categoria","id_institucion","usuario_registro","fecha_registro"
226,5,"GEOINPE","El GEOINPE, es la plataforma oficial para el acceso, uso y visualización de la información georreferenciada de la Población Penitenciaria que genera el Instituto Nacional Penitenciario.",True,"https://arcg.is/0yXC1e",17,77,1,"2026-01-07 09:44:13.394757-05"
227,5,"GEOMININTER","Web con información espacial de datos dirigidos a la seguridad ciudadana",True,"https://geoportal.mininter.gob.pe/",17,81,1,"2026-01-07 09:44:13.394757-05"
228,5,"Geoportal del Gobierno Regional Loreto","Es una plataforma de Servicios que permite la difusión e intercambio de información geoespacial.",True,"https://geoportal.regionloreto.gob.pe/",14,255,1,"2026-01-07 09:44:13.394757-05"
229,5,"Geoportal del MIDAGRI","Es el medio oficial para el acceso, uso e intercambio de información espacial que genera el MIDAGRI. Aprobado por R.M. N.° 451-2019-MINAGRI.",True,"https://geo.midagri.gob.pe/#",2,168,1,"2026-01-07 09:44:13.394757-05"
230,5,"Geoportal IDER UCAYALI","El Geoportal de la Infraestructura de Datos Espaciales - IDE del Gobierno Regional de Ucayali, como medio oficial para el acceso, uso e intercambio de información geoespacial  establecida mediante  Resolución Ejecutiva Regional N° 468-2018-GRU-GR",True,"http://ider.regionucayali.gob.pe/",14,264,1,"2026-01-07 09:44:13.394757-05"
231,5,"Geoportal IDERSan Martín","Es una plataforma de Servicios que permite la difusión e intercambio de información geoespacial.",True,"https://geoportal.regionsanmartin.gob.pe/",14,261,1,"2026-01-07 09:44:13.394757-05"
232,5,"Geoportal INGEMMET","Portal de información georreferenciada de la geología y el catastro minero nacional.",True,"https://ingemmet-peru.maps.arcgis.com/home/index.html",20,176,1,"2026-01-07 09:44:13.394757-05"
233,5,"GEOSERFOR","Portal web de la Infraestructura de Datos Espaciales del SERFOR, cuya finalidad es ofrecer a los usuarios el acceso a una serie de recursos y servicios basados en la información geográfica espacial forestal y de fauna silvestre.",True,"https://geo.serfor.gob.pe/geoserfor/",5,173,1,"2026-01-07 09:44:13.394757-05"
234,5,"IDE IGP","Mostrar la información generada por el Instituto Geofísico del Perú e impulsar los estudios y/o productos que se derivan de estos.",True,"https://www.igp.gob.pe/servicios/infraestructura-de-datos-espaciales/",8,74,1,"2026-01-07 09:44:13.394757-05"
235,5,"IDESEP","La infraestructura de Datos Espaciales del SENAMHI PERU (IDESEP) es un conjunto de políticas, estándares, procesos, tecnologías y recursos humanos que se encuentran integrados y destinados a facilitar la producción, estandarización, uso y acceso a la información geoespacial del SENAMHI, teniendo como base la información estandarizada, oficial y oportuna para la toma de decisiones.",True,"https://idesep.senamhi.gob.pe/portalidesep/",8,75,1,"2026-01-07 09:44:13.394757-05"
236,5,"Infraestructur a de Datos Espaciales del Gobierno Regional Cajamarca","Consolida los enlaces a los distintos sistemas de información, además de brindar los serviciox WMS y los archivos KMZ",True,"http://ide.regioncajamarca.gob.pe/",14,247,1,"2026-01-07 09:44:13.394757-05"
237,5,"Mapa Audiovisual del Patrimonio Cultural Inmaterial Peruano","Mapa Audiovisual del Patrimonio Cultural Inmaterial Peruano",True,"https://geoportal.cultura.gob.pe/audiovisual/",17,62,1,"2026-01-07 09:44:13.394757-05"
238,5,"Portal interactivo de fiscalización ambiental (PIFA)","El Portal Interactivo de Fiscalización Ambiental (PIFA) es una plataforma  de información proveniente desde diversas fuentes y tecnologías en campo y gabinete; registrada, sistematizada, procesada y actualizada sobre el estado del ambiente y las acciones de fiscalización ambiental en el Perú.",True,"https://sistemas.oefa.gob.pe/pifa/mfe/#/",5,70,1,"2026-01-07 09:44:13.394757-05"
239,6,"Área Funcional de Sensoramien to Remoto (AFSR)","Sistema que permite acceder a información del mar peruano.",True,"https://satelite.imarpe.gob.pe/#/",6,225,1,"2026-01-07 09:44:13.394757-05"
240,6,"Atlas de Energia Solar del Peru -2003","Sistema que tiene como objetivo promover la aplicación sostenible de energía fotovoltaica en zonas rurales del país, como una alternativa limpia, libre de la emisión de gases de efecto invernadero",True,"http://dger.minem.gob.pe/vista/informacion_geografica.html",20,174,1,"2026-01-07 09:44:13.394757-05"
241,6,"Biodiversidad y ecosistemas","La aplicación Biodiversidad y Ecosistemas tiene la finalidad de mostrar información de los parques de la ciudad que tienen rutas de observación de aves, las especies que se pueden avistar por cada parque, entre otros datos geográficos de interés relacionados al tema de biodiversidad y ecosistemas",True,"https://sit.icl.gob.pe/biodiversidad_smia/",14,268,1,"2026-01-07 09:44:13.394757-05"
242,6,"Carta educativa","Carta educativa de las Direcciones Regionales de Educación y Unidades de Gestión Educativa Local en formato PDF. La oferta educativa se ubica a nivel del centro poblado.",True,"http://escale.minedu.gob.pe/carta-educativa",17,97,1,"2026-01-07 09:44:13.394757-05"
243,6,"Catálogo de Datos y Servicios","El catálogo de datos y servicios es una herramienta que aprovecha los datos sobre todo el conjunto de activos de datos y servicios web que mantiene OEFA para crear entradas que concentran toda la información relevante sobre un activo de datos en un solo lugar.",True,"https://pifa.oefa.gob.pe/catalogo/main",5,70,1,"2026-01-07 09:44:13.394757-05"
244,6,"Catastro Virtual","Visor de Mapas Temáticos",True,"http://cvc.cofopri.gob.pe/(S(x4iy51zeolu2or55awfp55jn))/webRecomendaciones.aspx",20,219,1,"2026-01-07 09:44:13.394757-05"
245,6,"Centro histórico de Lima","La aplicación web denominada PROLIMA se realizó en coordinación con la Gerencia de Cartografía y Tecnologías de la Información con el objetivo de mostrar los diversos monumentos y predios con Valor Monumental en Cercado de Lima y los distritos colindantes, dentro de estos inmuebles de carácter monumental y con valor monumental",True,"https://sit.icl.gob.pe/prolima/",14,268,1,"2026-01-07 09:44:13.394757-05"
246,6,"Cobertura Movil","Aplicativo informatico, mediante el cual el usuario puede conocer la cobertura del servicio movil en cada una de las localidades declaradas por las empresas operadoras ante el OSIPTEL.",True,"https://serviciosweb.osiptel.gob.pe/CoberturaMovil/",17,51,1,"2026-01-07 09:44:13.394757-05"
247,6,"Código Postal Nacional  - Ministerio de Transportes y Comunicaciones","Plataforma oficial del Ministerio de Transportes y Comunicaciones (MTC) para consultar el Código Postal Nacional del Perú, permitiendo buscar y verificar el código postal de cualquier dirección en el país.",True,"http://www.codigopostal.gob.pe/pages/invitado/consulta.jsf",19,210,1,"2026-01-07 09:44:13.394757-05"
248,6,"Conecta Lima - Programa Nacional de Telecomunicaciones","Mapa interactivo del Programa Nacional de Telecomunicaciones (PRONATEL) que visualiza las localidades y el avance del Proyecto de Instalación de Banda Ancha para la Conectividad Integral y Desarrollo Social en la Región Lima.",True,"http://pronatelconectalima.pe/mapa",19,210,1,"2026-01-07 09:44:13.394757-05"
249,6,"Consulta de suministro de abastecimiento","Consulta de suministro de abastecimiento. Información proporcionada por SEDAPAL",True,"https://sedapal.maps.arcgis.com/apps/webappviewer/index.html?Íd=90b9ac00a9d843o28f9536380a854000",20,221,1,"2026-01-07 09:44:13.394757-05"
250,6,"Cordilleras Glaciares","Mapa de Cordilleras Glaciares",True,"https://www.arcgis.com/home/webscene/viewer.html?webscene=aa4e314afb4d4558a12f51fdb021bb7c&viewpoint=cam:-72.21665555,-23.73000922,2176541.167;360,24.93",8,73,1,"2026-01-07 09:44:13.394757-05"
251,6,"Datacrim","Sistema de información de estadisticas de la criminalidad",True,"https://datacrim.inei.gob.pe/",17,46,1,"2026-01-07 09:44:13.394757-05"
252,6,"Datass -Modelo para la toma de decisiones en Saneamiento","Aplicativo informático que registra datos de acceso, calidad y sostenibilidad de los servicios de saneamiento en el ámbito rural, fortaleciendo la toma de decisiones del sector.",True,"https://datass.vivienda.gob.pe/#",20,215,1,"2026-01-07 09:44:13.394757-05"
253,6,"Descarga de información espacial del MED","Descarga de información espacial del MED",True,"http://sigmed.minedu.gob.pe/descargas/",17,97,1,"2026-01-07 09:44:13.394757-05"
254,6,"Emergencias 24 horas","Muestra la relación de las últimas emergencias registradas en la Central de Emergencias.",True,"https://sgonorte.bomberosperu.gob.pe/24horas",17,82,1,"2026-01-07 09:44:13.394757-05"
255,6,"Emergencias Viales - Provias Nacional","Visor de Emergencias Viales de Provías Nacional que muestra el estado de las carreteras en tiempo real, reportando alertas de tránsito (normal, restringido, interrumpido) por diversos factores como fenómenos naturales, accidentes o disturbios sociales.",True,"https://wsgcv.proviasnac.gob.pe/emergenciavial",19,210,1,"2026-01-07 09:44:13.394757-05"
256,6,"ESCALE","Sistema georreferenciado para la ubicacion de centros poblados con servicios educativos, indicadores de educacion, mapas de Direcciones Regionales de Educacion y UGEL",True,"http://escale.minedu.gob.pe/mapas",17,97,1,"2026-01-07 09:44:13.394757-05"
257,6,"ESTADIST","Sistema de información distrital para la gestión publica",True,"https://estadist.inei.gob.pe/",17,46,1,"2026-01-07 09:44:13.394757-05"
258,6,"Expedición Huascarán 2019","En esta ocasión el equipo liderado por Lonnie Thompson, investigador experto en paleoclimatologia, y su equipo llegaron hasta las faldas del nevado mas imponente del Perú.",True,"https://inaigem.maps.arcgis.com/apps/MapJournal/index.html?appid=e17070683caf4072aa756636dff345d8",8,73,1,"2026-01-07 09:44:13.394757-05"
259,6,"Geo Transportes y Comunicaciones - Ministerio de Transportes y Comunicaciones","El visor geográfico ""Geo Transportes y Comunicaciones"" es una herramienta tecnológica interactiva que facilita la visualización y consulta de capas de información del Sector Transportes y Comunicaciones, en los siguientes grupos temáticos: transportes, comunicaciones, logística, gestión del riesgo de desastres e información básica territorial.",True,"https://vgeoportal.mtc.gob.pe/index.php",19,210,1,"2026-01-07 09:44:13.394757-05"
260,6,"Geo visor IDER Ucayali","Permite visualizar, realizar consultas, descargar informacion de un modo sencillo accediendo a la información de diferentes ámbitos administrativos.",True,"https://ider.regionucayali.gob.pe/visor",14,264,1,"2026-01-07 09:44:13.394757-05"
261,6,"GEO ZEE-OT Cajamarca","Muestra los mapas correspondientes al proceso de Ordenamiento Territorial",True,"http://sigr.regioncajamarca.gob.pe/",14,247,1,"2026-01-07 09:44:13.394757-05"
262,6,"GeoAMAZONAS","Portal de la Infraestructura de Datos Espaciales del Gobierno Regional Amazonas",True,"http://geoportal.regionamazonas.gob.pe/",14,242,1,"2026-01-07 09:44:13.394757-05"
263,6,"GeoANP","Herramienta interactiva que permite a los usuarios localizar, visualizar y descargar información espacial que se genera como parte de la gestión de las Áreas Naturales Protegidas (ANP); además brinda acceso al servicio de superposición de áreas de interés o coordenadas con el catastro de ANP y sus zonas de amortiguamiento (ZA)",True,"https://geo.sernanp.gob.pe",8,69,1,"2026-01-07 09:44:13.394757-05"
264,6,"GEOCATASTRO","Representar información catastral del distrito de Miraflores mediante diferentes tipos de capas",True,"https://geocatastro.miraflores.gob.pe/#/",14,1589,1,"2026-01-07 09:44:13.394757-05"
265,6,"GEOCATMIN","Sistema de Información Geológico y Catastral Minero",True,"https://geocatmin.ingemmet.gob.pe/",20,176,1,"2026-01-07 09:44:13.394757-05"
266,6,"GeoJusticia","Sistema para la Visualizacion de las Dependencias Judiciales, Distritos Judiciales, Corte suprema, etc.",True,"https://geojusticia.pj.gob.pe/basegispj/index.php",17,66,1,"2026-01-07 09:44:13.394757-05"
267,6,"Geollaqta","Plataforma de Catastro Multipropósito. Cofopri implementa, gestiona, actualiza y ejecuta el Catastro Urbano Nacional. Promueve y establece mecanismos de intercambios de información proveniente de diferentes Entidades Generadores de Catastro.",True,"https://catastro.cofopri.gob.pe/geollaqta/",20,219,1,"2026-01-07 09:44:13.394757-05"
268,6,"GeoPerú","GeoPerú, es el Sistema Nacional de Información Geográfica que integra los datos espaciales e información de los diversos sectores del Estado, para la toma de decisiones a nivel territorial.",True,"http://www.geoperu.gob.pe/",17,45,1,"2026-01-07 09:44:13.394757-05"
269,6,"GeoPortal de Datos Fundamentales del IGN","Geoportal del Instituto Geográfico Nacional",True,"http://www.idep.gob.pe/",12,189,1,"2026-01-07 09:44:13.394757-05"
270,6,"Geoportal del Ministerio de Cultura","El Geoportal del Ministerio de Cultura, es una Infraestructura de Datos Espaciales que integra información geográfica y estadística del sector cultura. Con un acceso dinámico y de fácil manejo, para apoyar en la toma de decisiones e informar al ciudadano.",True,"https://geoportal.cultura.gob.pe/",17,62,1,"2026-01-07 09:44:13.394757-05"
271,6,"Geoportal del Ministerio de Transportes y Comunicaciones","El Geoportal del Ministerio de Transportes y Comunicaciones es la plataforma oficial para el acceso y consulta a los datos, mapas, servicios y aplicaciones de información geográfica espacial y estadística producidos o administrados por el sector Transportes y Comunicaciones. En este espacio digital encontrarás la información sobre la ubicación de las diversas infraestructuras de transportes y de telecomunicaciones desplegadas a nivel nacional, así como la distribución y cobertura de los principales servicios de transportes y comunicaciones. La plataforma contiene de forma complementaria, información básica territorial producida por las entidades públicas productoras.",True,"https://geoportal.mtc.gob.pe",19,210,1,"2026-01-07 09:44:13.394757-05"
272,6,"Geoportal del OTASS","El geoportal del OTASS es una herramienta que permite visualizar y enlazar con todos los productos GIS generados por el OTASS, meviante la ejecución de sus estrategias, proyectos y/o programas en marcha.",True,"https://sig.otass.gob.pe/portal/apps/experiencebuilder/experience/?id=a60b271320d2452aa35e986ff2998059",20,218,1,"2026-01-07 09:44:13.394757-05"
273,6,"Geoportal INAIGEM","Geoportal del Instituto Nacional de Investigación en Glaciares y Ecosistemas de Montaña INAIGEM.",True,"https://inaigem.gob.pe/web2/geoportal/",8,73,1,"2026-01-07 09:44:13.394757-05"
274,6,"Geoportal SERNANP","Herramienta online, desarrollada como parte de la implementación de la infraestructura de datos espaciales (IDE) del SERNANP, a través de la cual podrás acceder a las aplicaciones y servicios de información geoespacial.",True,"https://geoportal.sernanp.gob.pe/",8,69,1,"2026-01-07 09:44:13.394757-05"
275,6,"GEOPORTAL SISCOD","Accede a información cartográfica y georreferenciada sobre la Política Nacional Contra las Drogas",True,"https://sistemas.devida.gob.pe/geoportal/inicio.html",17,49,1,"2026-01-07 09:44:13.394757-05"
276,6,"GeoSunass","GeoSunass ha sido diseñado para ser de fácil acceso y uso. Permite al usuario manejar adecuadamente sus funcionalidades y herramientas de manera intuitiva. Asimismo, permite almacenar, integrar y compartir información interoperable de otras entidades relacionadas a los servicios de saneamiento.",True,"https://geosunass.sunass.gob.pe/",17,53,1,"2026-01-07 09:44:13.394757-05"
277,6,"GeoVisor","Visor de mapas de información climatologica del Servicio Nacional de Meteorología e Hidrología del Perú (SENAMHI)",True,"https://idesep.senamhi.gob.pe/geovisoridesep/",8,75,1,"2026-01-07 09:44:13.394757-05"
278,6,"GeoVisor Cartográfico","Visor de Mapas que proporciona toda la información que genera el ministerio en temas de saneamiento urbano y rural, así como los temas de vivienda.",True,"https://geo2.vivienda.gob.pe/enlaces/geovisor.html",20,215,1,"2026-01-07 09:44:13.394757-05"
279,6,"Geovisor de cartografia de peligro aplicado en los penales del Perú","El GEOVISOR de cartografía de peligro aplicado a los penales, es una plataforma geoespacial en la web, de libre acceso, diseñada para consultar, compartir, analizar y monitorear la información relacionada a peligros originados por fenómenos naturales.",True,"https://www.arcgis.com/apps/webappviewer/index.html?id=5cbec598dc0c4e27b03579eb083b6a23",17,77,1,"2026-01-07 09:44:13.394757-05"
280,6,"Geovisor de mapeo de Lugar de Procedencia de los internos del Perú","El Geovisor de Lugar de Procedencia de la Población Penitenciaria es una plataforma geoespacial en la web de libre acceso diseñada para consultar, compartir, analizar y monitorear la información georreferenciada de la Población Penitenciaria. Se han georreferenciado 81,988 datos de la variable Lugar de Procedencia de los PPL a nivel nacional al mes de Marzo 2022.",True,"https://inpe.maps.arcgis.com/apps/webappviewer/index.html?id=7ca61cba81b642978a44840ec0770390",17,77,1,"2026-01-07 09:44:13.394757-05"
281,6,"GeoVivienda","Plataforma que proporciona acceso unificado a información, servicios y aplicaciones geoespaciales de la información territorial que viene produciendo y usando el MVCS, como soporte al diseño, planificación, seguimiento de intervenciones y contribuir al cierre de brechas y la mejora de la calidad de los servicios.",True,"http://geo.vivienda.gob.pe",20,215,1,"2026-01-07 09:44:13.394757-05"
282,6,"GESTION DE CERCADO DE LIMA","Este aplicativo muestra la información catastral y el grupo de capas temáticos en el cual se carga la información enviada por otras entidades públicas o privadas, gerencias de MML y otras dependencias vinculadas a la MML en el ámbito de Cercado de Lima",True,"https://sit.icl.gob.pe/cercado_lima_app/",14,268,1,"2026-01-07 09:44:13.394757-05"
283,6,"Gestión integral de residuos sólidos","Identifica las áreas degradadas por residuos sólidos municipales y no municipales",True,"https://pifa.oefa.gob.pe/AppResiduos/",5,70,1,"2026-01-07 09:44:13.394757-05"
285,6,"Info-MIDIS","La plataforma de información geo-referenciada INFOMIDIS permite la visualizacion y disposición de información sobre cobertura (usuarios) de los programas sociales MIDIS, indicadores socioeconómicos, desnutrición crónica infantil, y vulnerabilidad.",True,"https://sdv.midis.gob.pe/Infomidis/",17,233,1,"2026-01-07 09:44:13.394757-05"
286,6,"Intervenciones por Ámbito de interés","Búsqueda por Departamento, Provincias, Distritos,  cuencas hidrográficas, comunidades campesinas, comunidades nativas.",True,"https://sistemas.oefa.gob.pe/Portalpifa/Intervenciones.do",5,70,1,"2026-01-07 09:44:13.394757-05"
287,6,"Investigación en Ecosistemas de Montaña","INAIGEM hace investigación para recuperar y conservar los ecosistemas de montaña y los servicios que estos brindan. Busca rescatar, revalorar y potenciar los conocimientos tradicionales para quienes viven cerca de estos ecosistemas, ya sean instituciones o pobladores, complementándolos y fortaleciéndolos con innovaciones y conocimientos científicos.",True,"https://inaigem.maps.arcgis.com/apps/MapSeries/index.html?appid=8e1b90922fdc4fcc94ee41eld44b61a6",8,73,1,"2026-01-07 09:44:13.394757-05"
288,6,"LICENCIAS DE EDIFICACIÓN","La aplicación Licencia de Edificaciones se realizo en conjunto con la Gerencia de Desarrollo Urbano y tiene como objetivo facilitar la información de licencia de edificaciones de los predios de Cercado de Lima en los años 2016 y 2019.",True,"https://sit.icl.gob.pe/gdu_app/",14,268,1,"2026-01-07 09:44:13.394757-05"
289,6,"Mapa Base de Información urbana","Base de información del equipamiento socioeconomico y urbano del GORE Callao.",True,"https://regioncallao.maps.arcgis.com/apps/webappviewer/index.html?id=8cbfbc1802e14dc7bef5db4dcef096ff",14,464,1,"2026-01-07 09:44:13.394757-05"
290,6,"Mapa Cultural del Sur","Sistema integrado de información cultural de los siguientes estados: Argentina, Bolivia, Brasil, Chile, Colombia, Ecuador, Paraguay, Perú, Uruguay.
País invitado: Costa Rica.",True,"https://geoportal.cultura.gob.pe/mapa_cultural_del_sur/",17,62,1,"2026-01-07 09:44:13.394757-05"
291,6,"Mapa de alertas de la Superintendencia de transporte terreste de personas, carga y mercancías - SUTRAN","Mapa interactivo de alertas de SUTRAN que informa en tiempo real sobre el estado del tránsito a nivel nacional, incluyendo bloqueos por accidentes, daños en infraestructura o disturbios, manteniendo la información actualizada las 24 horas.",True,"http://gis.sutran.gob.pe/alerta_sutran/",19,210,1,"2026-01-07 09:44:13.394757-05"
292,6,"Mapa de alertas de la Superintendencia de transporte terrestre de personas, carga y mercancías - SUTRAN (centro de gestión y monitoreo)","Plataforma virtual de la SUTRAN que ofrece información y servicios relacionados con la supervisión y fiscalización del transporte terrestre de personas, carga y mercancías en ámbitos nacional e internacional.",True,"https://gis.sutran.gob.pe/STR_web/",19,210,1,"2026-01-07 09:44:13.394757-05"
293,6,"Mapa de ciclovias","Mapa de ciclovias disponibles publicado por la Municipalidad de San Borja",True,"http://www.munisanborja.gob.pe/mapa-de-las-ciclovias/",14,1597,1,"2026-01-07 09:44:13.394757-05"
294,6,"Mapa de Ciudadanía y Patrimonio Cultural","El presente visor de mapas virtual permite conocer el ecosistema social (sociedad civil, instituciones, empresas y otros) que participan activamente en dichas estrategias y proyectos que implementa la Dirección de Participación Ciudadana a nivel nacional, además de las acciones que realizan por su legado cultural local, generando desarrollo local en sus territorios.",True,"https://geoportal.cultura.gob.pe/participacion/",17,62,1,"2026-01-07 09:44:13.394757-05"
295,6,"Mapa de Escuelas","Esta es una herramienta interactiva que permite a usuarios en línea, localizar la oferta del servicio educativo en cada centro poblado o localidad del Perú, así como conocer las características territoriales en la que las instituciones educativas están insertas.",True,"http://sigmed.minedu.gob.pe/mapaeducativo/",17,97,1,"2026-01-07 09:44:13.394757-05"
296,6,"Mapa de Evacuación y Señalética ante ocurrencia de Tsunamis","Rutas de evacuación, señalética de evacuación, refugios y albergues temporales ante ocurrencia de sismos que generan Tsunami en la Prov.Constitucional del Callao.",True,"https://regioncallao.maps.arcgis.com/apps/webappviewer/index.html?id=c131439ec6754be3b8eac75305355623",14,464,1,"2026-01-07 09:44:13.394757-05"
297,6,"Mapa de fiscalización ambiental","Conoce las acciones de supervisión por subsectores fiscalizables del OEFA y por ámbito territorial",True,"https://pifa.oefa.gob.pe/mfiscamb/index.html#",5,70,1,"2026-01-07 09:44:13.394757-05"
298,6,"Mapa de Paisajes Naturales","El presente visor de mapas virtual permite conocer la distribución de los paisajes culturales declarados e identificados hasta hoy, así como los elementos culturales que lo caracterizan, su relación con otras categorías de patrimonio y otros detalles de la administración del territorio, con el propósito de contribuir en el conocimiento del patrimonio cultural del país y como una herramienta para la toma de decisiones",True,"https://geoportal.cultura.gob.pe/mapa_paisajes_culturales/",17,62,1,"2026-01-07 09:44:13.394757-05"
299,6,"MAPA DE UBICA TU COMISARIA","Visor web que permite al usuario ubicar la comisaría mas cercana y trazar la ruta más optima para llegar a ella.",True,"https://geomininter.mininter.gob.pe/portal/apps/webappviewer/index.html?id=4b3387e1beaf4f919925dcc013bb4cd7",17,81,1,"2026-01-07 09:44:13.394757-05"
300,6,"Mapa de ubicación de recursos turísticos y emprendimientos de turismo rural","Sistema de información georeferencial de los atractivos turísticos y emprendimientos de turismo rural comunitario del Perú, ofreciendo una búsqueda por criterio geográfico, actividades a desarrollar en el recurso. u otros.",True,"https://sigmincetur.mincetur.gob.pe/turismo/",17,206,1,"2026-01-07 09:44:13.394757-05"
301,6,"MAPA DEL DELITO GEORREFERENCIADO","Visor web que permite al usuario ubicar las zonas de mayor concentración de delitos georreferenciados y conocer las zonas de mayor inseguridad y tomar medidas preventivas. Ademas el aplicativo permite mayores funcionabilidades dependiendo del nivel técnico que realice consultas.",True,"https://geomininter.mininter.gob.pe/portal/apps/webappviewer/index.html?id=4b3387e1beaf4f919925dcc013bb4cd7",17,81,1,"2026-01-07 09:44:13.394757-05"
302,6,"Mapa Energético Minero","Presenta información de los sistemas energéticos por sub sector (Electricidad, Gas Natural, Hidrocarburos y RER) en beneficio de todos los actores que tienen interacción u operan en dichos sistemas así como del público en general.",True,"https://gisem.osinergmin.gob.pe/menergetico/",17,52,1,"2026-01-07 09:44:13.394757-05"
303,6,"Mapa Etnolingüístico del Perú","Sistema informativo y herramienta de planificación para una adecuada toma de decisiones en materia de uso, promoción, recuperación y preservación de las lenguas indígenas u originarias del Perú",True,"https://geoportal.cultura.gob.pe/mapa_etnolinguistico/",17,62,1,"2026-01-07 09:44:13.394757-05"
304,6,"Mapa Geoétnico","Mapa Geoétnico de Presencia Concentrada del Pueblo Afroperuano en el Territorio Nacional”, documento que contiene información actualizada sobre la cantidad de hogares afroperuanos y centros poblados con presencia del pueblo afroperuano en el territorio nacional, basado en los datos proporcionados por el Censo Nacional 2017: XII Censo Nacional de Población, VII de Vivienda y III de Comunidades Indígenas",True,"https://geoportal.cultura.gob.pe/mapa_afroperuano/",17,62,1,"2026-01-07 09:44:13.394757-05"
305,6,"Mapa Global de Publicaciones (Amazonia)","La Colección Ictiológica del IIAP es un acervo científico que resguarda ejemplares de peces amazónicos recolectados en diversos ecosistemas acuáticos de la cuenca amazónica peruana, con el fin de conservar y documentar su biodiversidad; cada espécimen cuenta con datos de colecta que permiten su uso en estudios taxonómicos, ecológicos y de conservación, convirtiéndose en una referencia clave para investigadores, estudiantes y gestores en el manejo sostenible de los recursos pesqueros de la Amazonía.",True,"https://visores.iiap.gob.pe/publicaciones/",8,72,1,"2026-01-07 09:44:13.394757-05"
306,6,"Mapa interactivo","Mapa interactivo con información del Ministerio de Comercio Exterior y Turismo",True,"https://www.mincetur.gob.pe/centro_de_Informacion/mapa_interactivo/",17,206,1,"2026-01-07 09:44:13.394757-05"
307,6,"Mapa interactivo de la BDPI","En este mapa podrá realizar consultas sobre la ubicación referencial de los pueblos indígenas u originarios y sus localidades, tales como comunidades nativas, comunidades campesinas y Reservas Territoriales Indígenas. Asimismo, podrá observar elementos de ubicación geográfica como vías asfaltadas, ríos principales, capitales departamentales, provinciales y distritales",True,"https://bdpi.cultura.gob.pe/mapa-interactivo",17,62,1,"2026-01-07 09:44:13.394757-05"
308,6,"Mapa SEIN","Visor de infraestructura de generación y transmisión electrica a nivel nacional",True,"https://gisem.osinergmin.gob.pe/nuevo_mapasein",17,52,1,"2026-01-07 09:44:13.394757-05"
309,6,"Mapa Sonoro","Mapa que muestra la distribucipon de hablantes de las lenguas indígenas del Perú.",True,"https://geoportal.cultura.gob.pe/mapa_sonoro/",17,62,1,"2026-01-07 09:44:13.394757-05"
310,6,"Mapas de la Infraestructura de Transporte","Información acerca de mapas de la Infraestructura de Transporte proporcionada por el Ministerio de Transportes y Comunicaciones.",True,"https://portal.mtc.gob.pe/estadisticas/transportes.html",19,210,1,"2026-01-07 09:44:13.394757-05"
311,6,"Mapas Perú","Sistema que permite la exploracion y valoracion visual de mapas que son provistos por las entidades publicas y privadas que conforman la Infraestructura de Datos Espaciales del Peru.",True,"http://mapas.geoidep.gob.pe/mapasperu/",17,45,1,"2026-01-07 09:44:13.394757-05"
312,6,"Mapas Viales","Permite acceder a información sobre las Rutas Viales del Sistema Nacional de Carreteras (SINAC), puentes, ríos, abras, ciudades, centros poblados, otros puntos de interés",True,"https://portal.mtc.gob.pe/transportes/caminos/normas_carreteras/mapas_viales.html",19,210,1,"2026-01-07 09:44:13.394757-05"
313,6,"MONITOREO DE LA VEGETACIÓN PARA LA PREVENCIÓN DE INCENDIOS FORESTALES","Aplicación que muestra el monitoreo de la humedad relativa de la vegetación",True,"https://ide.igp.gob.pe/geovisor/ndvi/",8,74,1,"2026-01-07 09:44:13.394757-05"
314,6,"MONITOREO DE PELIGRO VOLCÁNICO","Aplicación que muestra escenarios de riesgo del volcán Misti en una posible actividad",True,"https://ide.igp.gob.pe/portal/apps/dashboards/1c26d652f18f4771b218afa82fc94897",8,74,1,"2026-01-07 09:44:13.394757-05"
315,6,"MONITOREO DE RIESGO DE DESASTRES","La aplicación web de Gestión de Riesgo de Desastres muestra la información de Estudios de Riesgo que viene realizando la Subgerencia de Estimación, Prevención, Reducción y Reconstrucción en los diversos distritos de Lima Metropolitana",True,"https://sit.icl.gob.pe/gdcgdr_app/",14,268,1,"2026-01-07 09:44:13.394757-05"
316,6,"MONITOREO SÍSMICO","Tablero de monitoreo de simos reportados en tiempo real del presente año",True,"https://ide.igp.gob.pe/portal/apps/dashboards/972c6aff229b4b6e8c5e727ce9a338df",8,74,1,"2026-01-07 09:44:13.394757-05"
317,6,"Obras municipales","Mapa con ubicación geográfica de obras municipales publicado por la Municipalidad de San Borja",True,"http://www.munisanborja.gob.pe/mapa-de-obras/",14,1597,1,"2026-01-07 09:44:13.394757-05"
318,6,"Observatorio del Agua","Plataforma digital interactiva que recopila información hidrica a nivel nacional para una mejor gestión de los recursos hídricos, tales como estadísticas de la demanda del agua a nivel de cuencas, información de proyectos de formalización de uso del agua, embalses histórica, data sobre inventarios de pozos con datos detallados y otros.",True,"https://snirh.ana.gob.pe/ObservatorioSNIRH/",2,172,1,"2026-01-07 09:44:13.394757-05"
319,6,"Peligros hidrometeorológicos en unidades fiscalizables","Visualización, consulta y análisis de los peligros hidrometeorológicos (activación de quebradas y precipitaciones)en unidades fiscalizables",True,"https://pifa.oefa.gob.pe/AppPeligrosUF/",5,70,1,"2026-01-07 09:44:13.394757-05"
320,6,"Planos estratificados por ingresos a nivel de manzanas de las grandes ciudades","Sistema de información a nivel de manzana del ingreso per cápita para las grandes ciudades.",True,"https://planoestratificado.inei.gob.pe/",17,46,1,"2026-01-07 09:44:13.394757-05"
321,6,"Plataforma del Geoservidor del MINAM","Es una plataforma de Servicios que cuenta con mecanismos de difusion e intercambio de informacion geoespacial que se pone a disposicion de los profesionales, sectores de gobierno, gobiernos regionales, gobiernos locales y sociedad civil en general.",True,"https://geoservidor.minam.gob.pe/",8,68,1,"2026-01-07 09:44:13.394757-05"
322,6,"Plataforma Digital FONDEPES","Mapa online que permite conocer el estado actual de los desembarcaderos pesqueros artesanales.",True,"https://plataformadigital.fondepes.gob.pe/mapa",6,224,1,"2026-01-07 09:44:13.394757-05"
323,6,"Plataforma GEOBOSQUES","Es una plataforma de servicios de información sobre el monitoreo de los cambios de la cobertura de los bosques, que cuenta con cinco sub-módulos de información temática: Bosque y pérdida de bosque, Alertas tempranas, Uso y cambio de uso de la tierra, Degradación, Escenarios de referencia.",True,"https://geobosques.minam.gob.pe/geobosque/view/index.php",8,68,1,"2026-01-07 09:44:13.394757-05"
324,6,"Portal Cartográfico GeoCallao","Difusión de contenidos de lugares de interés, rutas de transporte público, calles y AAHH del Callao",True,"https://geocallao-regioncallao.hub.arcgis.com/",14,464,1,"2026-01-07 09:44:13.394757-05"
325,6,"Portal de Datos Espaciales del Peru GeoIDEP","Proporciona un servicio de acceso unificado a datos, servicios y aplicaciones geoespaciales de la informacion territorial que producen y usan todas las entidades del sector publico y privado.",True,"https://www.gob.pe/idep",17,45,1,"2026-01-07 09:44:13.394757-05"
326,6,"Portal de Infraestructura de Datos Espaciales del INEI","El presente geoportal tiene como objetivo promover el uso y diseminación de la información geoespacial relevante, para la planificación, el desarrollo sostenible y el impulso de las Infraestructuras de Datos Espaciales. Ofrecemos a nuestros usuarios el acceso a aplicaciones y servicios para encontrar, compartir, procesar y utilizar de manera gratuita e interactiva la información.",True,"https://ide.inei.gob.pe/",17,46,1,"2026-01-07 09:44:13.394757-05"
327,6,"RED DE CICLOVÍAS","El presente aplicativo web denominado Red de Ciclovías se realizó en coordinación con la Subgerencia de Transporte No Motorizado de la Municipalidad de Lima",True,"https://sit.icl.gob.pe/ciclovias_app/",14,268,1,"2026-01-07 09:44:13.394757-05"
328,6,"RED DE PANELES PUBLICITARIOS","El aplicativo web denominado Paneles Publicitarios se realizó en coordinación con la Gerencia de Cartografía y Tecnologías de la Información con el objetivo de acercar a los usuarios, gobiernos locales, entidades públicas, privadas, comunidad académica y público en general a un mayor conocimiento de los anuncios y avisos publicitarios autorizados y ubicados en Lima Metropolitana.",True,"https://sit.icl.gob.pe/gdu_paneles/",14,268,1,"2026-01-07 09:44:13.394757-05"
329,6,"RED DE SEMAFOROS","La aplicación web de la gestión de la Red Semafórica no Centralizada nos muestra la información en un panel de control como una herramienta de gestión, esta aplicación la viene realizando la GERENCIA DE MOVILIDAD URBANA en los diversos distritos de Lima metropolitana",True,"https://sit.icl.gob.pe/gmu/",14,268,1,"2026-01-07 09:44:13.394757-05"
330,6,"Registro de denuncias ambientales","Información georreferenciada sobre denuncias ambientales registradas ante el OEFA",True,"https://oefa.maps.arcgis.com/apps/dashboards/9d24b76e3b6c4c7cb4035ff36d93902c",5,70,1,"2026-01-07 09:44:13.394757-05"
331,6,"Reporta Residuos Ciudadano","Conoce las alertas de Residuos sólidos reportadas en tu distrito y las acciones de limpieza realizadas por las municipalidades",True,"https://oefa.maps.arcgis.com/apps/webappviewer/index.html?id=7618e413435d495baf20c2e0167eab0e",5,70,1,"2026-01-07 09:44:13.394757-05"
332,6,"Retroceso Glaciar 1989 -2018","Mapa de Retroceso Glaciar 1989 - 2018",True,"https://inaigem.maps.arcgis.com/apps/StorytellingSwipe/index.html?appid=fdb720b1e2c542ae933f872a2babd63e",8,73,1,"2026-01-07 09:44:13.394757-05"
333,6,"SedapalWeb","Mostrar a los usuarios la información cartográfica de los activos de SEDAPAL, la cual permite gestionar, analizar y realizar actividades preventivas o correctivas sobre nuestros activos enlazando con información comercial y operativa.",True,"http://gisprd.sedapal.com.pe/sedapalweb/",20,221,1,"2026-01-07 09:44:13.394757-05"
334,6,"SIGEO PRODUCE","Sistema que permite identificar los agrupamientos empresariales con el fin de focalizar mejor las intervenciones del Estado",True,"http://sigeo.produce.gob.pe/appgis/",6,223,1,"2026-01-07 09:44:13.394757-05"
335,6,"SIN NOMBRE","El observatorio actualmente muestra información de la criminalidad en el Perú",True,"http://atlas.indaga.minjus.gob.pe:8080/visor/",17,76,1,"2026-01-07 09:44:13.394757-05"
336,6,"SIN NOMBRE","Observatorio Nacional de Política Criminal",True,"https://indagaweb.minjus.gob.pe/",17,76,1,"2026-01-07 09:44:13.394757-05"
337,6,"SIRTOD","Sistema regional para la toma de decisiones",True,"https://systems.inei.gob.pe/SIRTOD/#",17,46,1,"2026-01-07 09:44:13.394757-05"
338,6,"SISFOR","Plataforma web donde se publica información de títulos habilitantes forestales y de fauna silvestre supervisados por el OSINFOR y otros relacionados, permitiendo fortalecer la transparencia de nuestras actividades ante los administrados y público en general.",True,"https://sisfor.osinfor.gob.pe/visor/",5,56,1,"2026-01-07 09:44:13.394757-05"
339,6,"Sistema de Consulta de Agua Potable","Sistema que cobertura información de manzana para la cobertura de agua potable",True,"https://agua.inei.gob.pe/",17,46,1,"2026-01-07 09:44:13.394757-05"
341,6,"Sistema de Consulta de Centros Poblados","Sistema de Consulta de Centros Poblados que brinda información geográfica, demográfica y social de los centros poblados del país.",True,"http://sige.inei.gob.pe/test/atlas/",17,46,1,"2026-01-07 09:44:13.394757-05"
342,6,"Sistema de Datos Micro Regionales VRAEM","Sistema de datos en cooperación con CENTROGEO-México para la generación de indicadores en el VRAEM.",True,"https://sdmr.inei.gob.pe/",17,46,1,"2026-01-07 09:44:13.394757-05"
343,6,"Sistema de Fenómeno el Niño","Permite conocer los riesgos y vulnerabilidad a que está expuesta la población peruana ante la llegada del fenómeno de El Niño y otros fenómenos naturales",True,"http://webinei.inei.gob.pe/nino/",17,46,1,"2026-01-07 09:44:13.394757-05"
344,6,"Sistema de Información Ambiental Regional SIAR","Sistema de Información Ambiental Regional SIAR administrado por la Gerencia de Recursos Naturales y Gestión del Medio Ambiente",True,"http://siar.regioncajamarca.gob.pe/visor/",14,247,1,"2026-01-07 09:44:13.394757-05"
345,6,"Sistema de Información de Lucha Contra las Drogas -SISCOD","SISCOD es una herramienta de gestión destinada a integrar y estandarizar la recolección, registro, manejo y consulta de datos, bases de datos y estadísticas, a través de la interacción con otros sistemas que gestionen la información en el ámbito institucional y multisectorial de la lucha contra las drogas, que faciliten el seguimiento, monitoreo y evaluación de la Política Nacional Contra las Drogas.",True,"https://sistemas.devida.gob.pe/siscod/",17,49,1,"2026-01-07 09:44:13.394757-05"
346,6,"Sistema de Información GeoCOSTA","El Sistema de Información para zonas marino costeras -GeoCOSTA es una herramienta de aplicación web geoespacial, diseñado para la visualización, análisis de cartografía georreferenciada y almacenamiento de soporte digital de las diferentes capas espaciales de información temática que contribuirán en el proceso de planificación para la toma de decisiones y desarrollo sostenible de las zonas marino costeras del país.",True,"https://geoservidor.minam.gob.pe/geocostas/",8,68,1,"2026-01-07 09:44:13.394757-05"
347,6,"Sistema de Información Geográfica para Emprendedores","Permite identificar a nivel de áreas geográficas personalizadas las potencialidades del mismo, ya sea identificando las características de las viviendas y de población distribuida por sexo, edad, nivel educativo e ingresos promedio",True,"http://sige.inei.gob.pe/sige/",17,46,1,"2026-01-07 09:44:13.394757-05"
348,6,"Sistema de Información para la Gestión del Riesgo y Desastre","El objetivo principal del sistema es brindar información geoespacial y registros administrativos referidos al riesgo de desastres así como herramientas y/o funcionalidades que permitan a los usuarios acceder, consultar, analizar, monitorear, procesas modelos, cargar y descargar información fundamental que sirva de apoyo para el planeamiento y formulación de proyectos de inversión pública vinculados a la estimación, prevención, reducción de riesgo de desastres y la reconstrucción.",True,"https://sigrid.cenepred.gob.pe/sigridv3/",12,188,1,"2026-01-07 09:44:13.394757-05"
349,6,"Sistema de Información para la Planificación Urbana -Territorial","El Sistema de Información para la Planificación Urbana -Territorial (GEOPLAN), es una herramienta Web que permite interactuar con la Información Geográfica Referenciada disponible en cada uno de los Planes Urbano Territoriales.",True,"https://geo2.vivienda.gob.pe/enlaces/geoplan.html",20,215,1,"2026-01-07 09:44:13.394757-05"
350,6,"SISTEMA DE INFORMACIÓN TERRITORIAL -SIT","Es un visor que muestra una serie de servicios que produce la institución a nivel de Cercado de Lima e información de otras entidades a nivel de Lima Metropolitana.",True,"https://sit.icl.gob.pe/sit/",14,268,1,"2026-01-07 09:44:13.394757-05"
351,6,"SISTEMA DE MANTENIMIENTO","Este aplicativo muestra información de los mantenimientos programados por la MML y de esta forma, mantenerse al tanto de las acciones que se vienen realizando ello en el marco de los servicios que esta comuna brinda.",True,"https://sit.icl.gob.pe/planificacion_mml/",14,268,1,"2026-01-07 09:44:13.394757-05"
352,6,"Sistema de toma de decisiones","Sistema de Informacion Regional para la toma de decisiones.",True,"https://systems.inei.gob.pe/SIRTOD/#",17,46,1,"2026-01-07 09:44:13.394757-05"
353,6,"Sistema Georeferenciado de Redes de Telecomunicaciones","Aplicativo basado en un Visor Web que permite visualizar la informacion publica Georreferenciada de las Redes de Telecomunicaciones desplegadas en el territorio peruano, incluyendo las zonas rurales.",True,"https://serviciosweb.osiptel.gob.pe/VISORGIS/Visor/VisorPublico.aspx",17,51,1,"2026-01-07 09:44:13.394757-05"
354,6,"Sistema Regional de Gestión Territorial de Madre de Dios","Geoportal de la Infraestructura de Datos Espaciales del Gobierno Regional de Madre de Dios",True,"http://ide.regionmadrededios.gob.pe/",14,256,1,"2026-01-07 09:44:13.394757-05"
355,6,"SUSALUD map","Aplicativo informático en el cual podrá consultar sobre las condiciones de funcionamiento de los Establecimientos de Salud y Servicios Médicos de Apoyo que se encuentran registrados en el RENIPRESS y cuentan con datos de georreferenciación.",True,"http://mapa.susalud.gob.pe/",10,161,1,"2026-01-07 09:44:13.394757-05"
356,6,"Ubícanos a Nivel Nacional","Muestra la ubicación de las compañías y comandancias departamentales del CGBVP a nivel nacional.",True,"http://www.bomberosperu.gob.pe/cgbvp_maps.asp",17,82,1,"2026-01-07 09:44:13.394757-05"
357,6,"Vigilancia ambiental de la calidad de aire","Consulta la calidad de aire en tiempo real a nivel nacional.",True,"https://pifa.oefa.gob.pe/VigilanciaAmbiental/",5,70,1,"2026-01-07 09:44:13.394757-05"
358,6,"Visor Cartográfico -GEOSERFOR","El GEOSERFOR es una herramienta tecnológica web, para disponer y consultar en internet la información geográfica sobre la gestión forestal. El GEOSERFOR cuenta con varias capas de información como son: las concesiones forestales, los bosques de producción permanente, las unidades de aprovechamiento, los bosques locales, la zonificación forestal y más.",True,"https://geo.serfor.gob.pe/visor/#",5,173,1,"2026-01-07 09:44:13.394757-05"
359,6,"Visor Cartográfico Institucional GOTASS","El GOTASS es una herramienta de tipo geovisor que permite visualizar, consultar, actualizar y analizar información georeferenciada del OTASS y otras entidades técnico científicas generadoras de información georeferenciada. Asimismo, el OTASS desarrolla de manera continua aplicativos web con tecnología GIS de acuerdo a las necesidades generadas en las áreas usuarias competentes, considerando las estrategias, proyectos y/o programas en marcha.",True,"https://app.otass.gob.pe/gotass",20,218,1,"2026-01-07 09:44:13.394757-05"
360,6,"Visor de Alertas de Siniestros Viales - Ministerio de Transportes y Comunicaciones","Mapa interactivo del Ministerio de Transportes y Comunicaciones (MTC) que permite a los ciudadanos conocer el estado de las carreteras a nivel nacional en tiempo real.",True,"https://sratma.mtc.gob.pe/SRATMA/mapa/",19,210,1,"2026-01-07 09:44:13.394757-05"
361,6,"Visor de colección ictiologia","La Colección Ictiológica del IIAP es un acervo científico que resguarda ejemplares de peces amazónicos recolectados en diversos ecosistemas acuáticos de la cuenca amazónica peruana, con el fin de conservar y documentar su biodiversidad; cada espécimen cuenta con datos de colecta que permiten su uso en estudios taxonómicos, ecológicos y de conservación, convirtiéndose en una referencia clave para investigadores, estudiantes y gestores en el manejo sostenible de los recursos pesqueros de la Amazonía.",True,"https://ictiologicas.iiap.gob.pe/lotes/index/visor",8,72,1,"2026-01-07 09:44:13.394757-05"
362,6,"Visor de Emergencias del Centro de Operaciones de Emergencias del Ministerio de Transportes y Comunicaciones","Mapa interactivo del Ministerio de Transportes y Comunicaciones (MTC) que pemite a los ciudadanos contar con información sobre las incidencias en carreteras, vías férreas, puertos y aeropuertos. La información se actualiza permanentemente las 24 horas del día.",True,"https://saecoe.mtc.gob.pe/visor",19,210,1,"2026-01-07 09:44:13.394757-05"
363,6,"Visor de Emergencias Hidricas","Monitorea y brinda información sobre peligros, emergencias y desastres relacionados a los recursos hídricos",True,"https://snirh.ana.gob.pe/onrh/Index2.aspx?IdVar=39",2,172,1,"2026-01-07 09:44:13.394757-05"
364,6,"Visor de la Infraestructura de Datos Espaciales de Loreto","Sistema que permite la exploración y descarga de mapas de la Región Loreto",True,"http://visor.regionloreto.gob.pe/",14,255,1,"2026-01-07 09:44:13.394757-05"
365,6,"Visor de la Red Vial Nacional - Provias Nacional","Visor geográfico (WEBMAP) de Provías Nacional que permite consultar y visualizar la Red Vial Nacional y las intervenciones realizadas por Provías Nacional.",True,"https://spwgm.proviasnac.gob.pe/webmap",19,210,1,"2026-01-07 09:44:13.394757-05"
366,6,"Visor de Mapas de Electrificación Rural - DGER","Sistema de Consulta Web de Datos Espaciales de los Sistemas Eléctricos Rurales",True,"https://mapas.minem.gob.pe/map_dger/",20,174,1,"2026-01-07 09:44:13.394757-05"
367,6,"Visor de Mapas de GeoSunass","Visor de mapas de GeoSunass que permite visualizar información georreferenciada publicada por SUNASS y diversas entidades relacionadas a los servicios de saneamiento, generar reportes y descargar información en línea.",True,"https://experience.arcgis.com/experience/12dd1e86bc3046eca8ba0b82b77ca508/",17,53,1,"2026-01-07 09:44:13.394757-05"
368,6,"Visor de mapas de la IDE Madre de Dios","Visor de mapas de la Infraestructura de Datos Espaciales del Gobierno Regional de Madre de Dios",True,"http://ide.regionmadrededios.gob.pe/geohub/default/home/index",14,256,1,"2026-01-07 09:44:13.394757-05"
369,6,"Visor de mapas de la Infraestructur a de Datos Espaciales de Amazonas","Visor de mapas de la Infraestructura de Datos Espaciales de Amazonas",True,"http://visor.regionamazonas.gob.pe/indexv.php",14,242,1,"2026-01-07 09:44:13.394757-05"
370,6,"Visor de mapas del INAIGEM","Visor de mapas que concentra las investigaciones de los glaciares y ecosistemas de montaña elaborados por el Instituto Nacional de Investigación en Glaciares y Ecosistemas de Montaña (Inaigem).",True,"https://visor.inaigem.gob.pe/",8,73,1,"2026-01-07 09:44:13.394757-05"
371,6,"Visor de mapas del potencial eólico del Perú 2016","Ubicación con estadísticas de monitoreo sobre el Potencial Eólico del Perú",True,"https://mapas.minem.gob.pe/map_eolico/",20,174,1,"2026-01-07 09:44:13.394757-05"
372,6,"Visor de mapas del Potencial Hidroeléctric o en la cuentas del Apurímac, Madre de Dios, Purús, Grande","Ubicación y descripción de Proyectos con Potencial Hidroeléctrico en la cuentas del Apurímac, Madre de Dios, Purús, Grande, Chili, Tambo y Titicaca",True,"https://mapas.minem.gob.pe/map_hidroelectrico/",20,174,1,"2026-01-07 09:44:13.394757-05"
373,6,"Visor de mapas del SIG-DGER, referida al sistema de electrificació n rural","Elaborado con el fin de consultar y compartir información de los sistemas de electrificación rural a nivel nacional",True,"https://mapas.minem.gob.pe/map_dger/",20,174,1,"2026-01-07 09:44:13.394757-05"
374,6,"Visor de mapas del Sistema Nacional de Informacion Ambiental","Sistema que permite la visualizacion de informacion ambiental del SINIA",True,"https://sinia.minam.gob.pe/portal/mapas-sinia/",8,68,1,"2026-01-07 09:44:13.394757-05"
375,6,"Visor de Mapas IDERSAM","El visor de mapas brinda acceso a información espacial generada por el Gobierno Regional de San Martín en el cumplimiento de sus funciones. Estos datos tiene carácter oficial y están a disposición de la comunidad.",True,"https://geoportal.regionsanmartin.gob.pe/visor/",14,261,1,"2026-01-07 09:44:13.394757-05"
376,6,"Visor del Geoservidor del MINAM","Es una Plataforma de Servicios que cuenta con mecanismos de difusión e intercambio de información geoespacial que se pone a disposición de profesionales, sectores de gobierno, gobiernos regionales, gobiernos locales y sociedad civil en general; para que a través del internet puedan acceder a información relevante sobre la situación territorial y ambiental del país de manera transparente y actualizada.",True,"https://gis.bosques.gob.pe/portal/apps/webappviewer/index.html?id=5ba3d89b65b94912a81158020a81acaf",8,68,1,"2026-01-07 09:44:13.394757-05"
377,6,"Visor del Sistema de Información para la Planificación Urbana -Territorial","El Sistema de Información para la Planificación Urbana -Territorial (GEOPLAN), es una herramienta Web que permite interactuar con la Información Geográfica Referenciada disponible en cada uno de los Planes Urbano Territoriales.",True,"https://geo2.vivienda.gob.pe/mvcs/index.php",20,215,1,"2026-01-07 09:44:13.394757-05"
378,6,"Visor GEOBOSQUES","El visor muestra las Alertas Tempranas de Deforestación, la cual es actualizada semanalmente, si un usuario se inscribe al sistema de alertas puede desde este visor gestionar sus áreas de monitoreo y saber cuantas alertas ocurren semanalmente.",True,"https://geobosques.minam.gob.pe/geobosque/visor/",8,68,1,"2026-01-07 09:44:13.394757-05"
379,6,"Visor Geográfico de Publicaciones Amazónicas","Este visor permite mostrar los inventarios realizados por el Instituto en el ámbito de la Amazonia Peruana. Se encuentra clasificado en grupos de Fauna, Flora, Suelos. El usuario podrá hacer uso de otras capas temáticas asi como descargar los datos de los inventarios.",True,"https://visores.iiap.gob.pe/inventarios/",8,72,1,"2026-01-07 09:44:13.394757-05"
380,6,"Visor geográfico del MIDAGRI","Repositorio centralizado y oficial de la información geográfica producida por el sector agrario y de riego.",True,"https://geovisor.midagri.gob.pe/",2,168,1,"2026-01-07 09:44:13.394757-05"
381,6,"Visor GIS - Autoridad Portuaria Nacional","Visor GIS de la Autoridad Portuaria Nacional (APN) que proporciona información geográfica sobre instalaciones portuarias, áreas otorgadas, edificaciones, equipamiento y desarrollo portuario.",True,"https://gis.apn.gob.pe/visor_gis/",19,210,1,"2026-01-07 09:44:13.394757-05"
382,6,"Visor SIAR Cusco","El SIAR, constituye una red de integración tecnológica, institucional y humana que facilita la sistematización, acceso y distribución de la información ambiental en el ámbito territorial de la Región.",True,"http://siar.regioncusco.gob.pe/",14,248,1,"2026-01-07 09:44:13.394757-05"
383,8,"Aeropuertos concesionad os por OSITRAN","OSITRAN supervisa y regula 19 aeropuertos concesionados ubicados en distintas ciudades del territorio peruano. La seguridad, calidad de los servicios, tecnología e infraestructura implementada en estos terminales son la base para el desarrollo de la actividad turística y de negocios de nuestro país.",True,"https://www.ositran.gob.pe/aeropuertos/",17,54,1,"2026-01-07 09:44:13.394757-05"
384,8,"Aplicativo de Historia de los penales del Perú","Es un plataforma con enfoque de StoryMap donde se presenta la historia, cartografia y localización de cada penal del Perú.",True,"https://storymaps.arcgis.com/stories/bedfb2ba0aec41d8a649808a6e51c364",17,77,1,"2026-01-07 09:44:13.394757-05"
385,8,"Carreteras concesionadas por OSITRAN","OSITRAN supervisa 16 contratos de concesión de carreteras a nivel nacional, que permiten el crecimiento económico conectado de las poblaciones más alejadas del país.",True,"https://www.ositran.gob.pe/carreteras/",19,54,1,"2026-01-07 09:44:13.394757-05"
386,8,"Dashboard sociodemográfico de Lugar de Procedencia de los internos del Perú","El mapeo de la Población Penitenciaria a nivel nacional, muestra los principales indicadores estadísticos sociodemográfico de la Población Penitenciaria mapeada. Se han georreferenciado 85,448 datos de la variable lugar de procedencia de los internos al mes de marzo 2022.",True,"https://arcg.is/LqjaH0",17,77,1,"2026-01-07 09:44:13.394757-05"
387,8,"Datos abiertos de la Población Penitenciaria","Es una plataforma donde se ubica la data georrefernciada de la Población Penitenciaria, ubicación de los penales y Medios libres para descargar en todas los formatos de GIS y Ciencia de datos.",True,"https://portal-inpe.opendata.arcgis.com/search?collection=dataset&layout=grid",17,77,1,"2026-01-07 09:44:13.394757-05"
388,8,"Población con algún tipo de discapacidad en la Prov.Constitucional del Callao","Storymap con Información del Censo de Poblacion y Vivienda 2017 del INEI, donde se muestra poblacion con algun tipo de discapacidad: ver, oir, entender, relacionarse, hablar y moverse.",True,"https://storymaps.arcgis.com/stories/16e5e48d32fe4ade887911aa8070c5b5",14,464,1,"2026-01-07 09:44:13.394757-05"
389,8,"Puertos concesionad os que son supervisados por OSITRAN","El OSITRAN supervisa y regula 7 terminales portuarios ubicados en diversas regiones del país, que brindan servicios a exportadores e importadores, permitiendo el intercambio de productos peruanos a nivel internacional.",True,"https://www.ositran.gob.pe/puertos/",17,54,1,"2026-01-07 09:44:13.394757-05"
390,8,"Repositorio de Datasets con geoinformacion regional para consulta y descarga libre","Biblioteca de contenidos del GORE Callao con Datasets disponibles para descarga",True,"https://geocallao-regioncallao.hub.arcgis.com/search",14,464,1,"2026-01-07 09:44:13.394757-05"
391,8,"Tablero estadístico de Ingresos y Egresos de la Población Penitenciaria","Tablero estadístico de Ingresos y Egresos muestra información estadística de Egreso por Tipos de Libertades e Ingreso por Delitos Específicos.",True,"https://www.arcgis.com/apps/dashboards/0096e3f27ee04658aa63aa9a26f34104",17,77,1,"2026-01-07 09:44:13.394757-05"
392,8,"Tablero estadístico de la Población Extranjera (Carácteristicas sociodemográficas)","El Geoportal muestra información estadística de la población penal de nacionalidad extranjera por delitos específicos, situación jurídica, evolución histórica y sexo.",True,"https://www.arcgis.com/apps/dashboards/72896bfdedf04ac99bb775917f4924e2",17,77,1,"2026-01-07 09:44:13.394757-05"
393,8,"Tablero estadistico de los Establecimientos de Medio Libre","Se muestra la ubicación geográfica de los Establecimientos de los Medios Libres del Perú según Oficinas Regionales, departamento, provincia y distrito.",True,"https://arcg.is/ynu5z0",17,77,1,"2026-01-07 09:44:13.394757-05"
394,8,"Tablero estadistico de los Establecimientos Penitenciarios","Se muestra la ubicación geográfica de los penales del Perú según Oficinas Regionales, departamento, provincia y distrito.",True,"https://www.arcgis.com/apps/dashboards/af652684d4e345c1847a4873edab4d80",17,77,1,"2026-01-07 09:44:13.394757-05"
395,8,"Tablero estadístico de los Establecimientos Penitenciarios ( Carácteristicas sociodemográficas de los internos del Perú)","Tablero estadístico de los Establecimientos Penitenciarios muestra información estadística de la población penitenciaria",True,"https://www.arcgis.com/apps/dashboards/9bfb61bd506f4162b97e3c2fefb53ee2",17,77,1,"2026-01-07 09:44:13.394757-05"
396,8,"Tablero Estadístico de los Venezolanos","Este tablero estadistico muestra la información estadística de la población penal de venezolanos por delitos específicos, situación jurídica, evolución histórica y sexo.",True,"https://www.arcgis.com/apps/dashboards/b9453691b14d4ff6bf34c2d26d4637ac",17,77,1,"2026-01-07 09:44:13.394757-05"
397,8,"Tablero estadístico de Lugar de Procedencia de la Población de Sentenciados de Medio Libre del distrito de San Martín de Porres","Para el distrito de San Martín de Porres se presentan los siguientes análisis:
1) La problemática de procedencia en función a los delitos generales y específicos.
2) Los núcleos urbanos con altos índices de densidad de lugar de procedencia.
En total se han georreferenciado 731 sentenciados de Medio Libre",True,"https://inpe.maps.arcgis.com/apps/MapJournal/index.html?appid=c36a49b7e9304116a109ba9f5c1d3ad4",17,77,1,"2026-01-07 09:44:13.394757-05"
398,8,"Tablero estadístico de Lugar de Procedencia de Sentenciados de Medio Libre","Principales indicadores sociodemográficos y focos de concentración del lugar de Procedencia en los distritos de San Juan de Lurigancho, San Martin de Porres, Ate y La Victoria. En total se han georreferenciado 3,039 sentenciados de Medio Libre.",True,"https://inpe.maps.arcgis.com/apps/webappviewer/index.html?id=e18032b3eada4470880d7481baadc242&extent=-8600907.8126%2C-1364065.1396%2C-8496724.143%2C-1322330.5222%2C102100",17,77,1,"2026-01-07 09:44:13.394757-05"
399,8,"Tablero Estadístico de mapeo de Lugar de Procedencia","El Tablero Estadístico de mapeo de la Población Penitenciaria a nivel nacional, muestra los principales indicadores estadísticos sociodemográfico de la Población Penitenciaria mapeada. Se han georreferenciado 85,448 datos de la variable lugar de procedencia de los internos al mes de Marzo 2022",True,"https://www.arcgis.com/apps/dashboards/1bf4a5b854df4d59b7b54326ce9a5629",17,77,1,"2026-01-07 09:44:13.394757-05"
400,8,"Vías férreas concesionadas por OSITRAN","El transporte ferroviario ofrece grandes ventajas como la gran capacidad de carga por eje, la menor tasa de accidentabilidad, el ahorro de combustible, la menor cantidad de emisiones contaminantes y la descongestión de las carreteras. Además constituye el transporte masivo más eficiente de los últimos años.",True,"https://www.ositran.gob.pe/vias-ferreas/",19,54,1,"2026-01-07 09:44:13.394757-05"
401,9,"Catálogo de Metadatos Cajamarca","En el portal de metadatos se comparte toda la información producida durante en proceso de Ordenamiento Territorial de Cajamarca, además de mapas y metadatos en XML",True,"https://metadatos.regioncajamarca.gob.pe/geonetwork/srv/spa/catalog.search#/home",14,247,1,"2026-01-07 09:44:13.394757-05"
402,9,"Catálogo de Metadatos de Datos Fundamentales","El objetivo de la gestión de Metadatos de Datos Fundamentales es proporcionar el acceso a la información, facilitando la integración de los mismos (interoperabilidad), enfatizando los beneficios que proporciona la comprensión de la información geográfica. Promueve que se comparta la información temática y georeferenciada disponible entre las organizaciones.",True,"https://portalgeo.idep.gob.pe:8443/geonetwork/srv/spa/catalog.search#/home",12,189,1,"2026-01-07 09:44:13.394757-05"
403,9,"Catálogo de Metadatos de SUNASS","Catálogo de metadatos de información geográfica de la Superintendencia Nacional de Servicios de Saneamiento -SUNASS",True,"https://geosunass.sunass.gob.pe/geonetwork/srv/spa/catalog.search#/home",17,53,1,"2026-01-07 09:44:13.394757-05"
404,9,"Catálogo de Metadatos del Gobierno Regional de Amazonas","Catálogo de metadatos de información geográfica implementado por el Gobierno Regional de Amazonas",True,"http://geoportal.regionamazonas.gob.pe/geonetwork/srv/spa/catalog.search#/home",14,242,1,"2026-01-07 09:44:13.394757-05"
405,9,"Catálogo de Metadatos del GOREU","Información descriptiva de los conjuntos de datos y servicios geográficos: cartografía, fotografías, modelos digitales del terreno, estudios, etc., a través de servicios WMS, WFS .",True,"https://ider.regionucayali.gob.pe/geonetwork/srv/spa/catalog.search",14,264,1,"2026-01-07 09:44:13.394757-05"
406,9,"Catálogo de Metadatos del Instituto Geofísico del Perú","Catálogo con información de metadatos de información geográfica proporcionada por el Instituto Geofísico del Perú",True,"https://ide.igp.gob.pe/geonetwork/srv/spa/catalog.search#/home",8,74,1,"2026-01-07 09:44:13.394757-05"
407,9,"Catálogo de Metadatos del Instituto Nacional de Estadística e Informática","Catalogo de Metadatos de los principales productos que elabora el INEI",True,"https://metadatogis.inei.gob.pe/geonetwork/srv/spa/catalog.search#/home",17,46,1,"2026-01-07 09:44:13.394757-05"
408,9,"Catálogo de Metadatos del MIDAGRI","Integraga la información para distribución del MIDAGRI, a través de servicios WMS, WFS y KML.",True,"https://metadatos.midagri.gob.pe/geonetwork/srv/spa/catalog.search#/home",2,168,1,"2026-01-07 09:44:13.394757-05"
409,9,"Catálogo de metadatos del Ministerio de Cultura","El Catálogo de Metadatos del Ministerio de Cultura contiene la lista de los datos geográficos disponibles de la infraestructura de Datos Espaciales del Sector Cultura.",True,"https://catalogo.cultura.gob.pe/geonetwork/srv/spa/catalog.search#/home",17,62,1,"2026-01-07 09:44:13.394757-05"
410,9,"Catálogo de Metadatos del SENAMHI","Catalogo de Metadatos del Servicio Nacional de Meteorología e Hidrología del Perú (SENAMHI)",True,"https://idesep.senamhi.gob.pe/geonetwork/srv/spa/catalog.search#/home",8,75,1,"2026-01-07 09:44:13.394757-05"
411,9,"Catálogo de Metadatos Geográficos del OTASS","El catálogo de metadatos geográficos del OTASS es una herramienta que permite buscar metadatos y obtener información detallada sobre la información georeferenciada o geoespacial generada por el OTASS. Los metadatos son datos sobre datos, es decir, información estructurada que describe otra información. La Gestión de Metadatos permite organizar, gestionar, administrar, conocer les características y preservar en el tiempo un conjunto de datos.",True,"https://geo.otass.gob.pe/geonetwork/srv/spa/catalog.search#/search?",20,218,1,"2026-01-07 09:44:13.394757-05"
412,9,"Catálogo de Metadatos IDE Madre de Dios","Catálogo de metadatos de la Infraestructura de Datos Espaciales del Gobierno Regional de Madre de Dios.",True,"http://ide.regionmadrededios.gob.pe/geonetwork/srv/spa/catalog.search#/home",14,256,1,"2026-01-07 09:44:13.394757-05"
413,9,"Catálogo de Metadatos IDERSAM","El Catálogo de Metadatos permite la documentación y descarga de las diferentes productos cartográficos y geoespaciales proveídos.",True,"http://geo.regionsanmartin.gob.pe:8089/geonetwork/srv/spa/catalog.search#/home",14,261,1,"2026-01-07 09:44:13.394757-05"
414,9,"Catalogo Nacional de Metadatos","Sistema de gestion que centraliza y administra la produccion de metadatos de las diferentes entidades publicas.",True,"https://catalogo.geoidep.gob.pe/metadatos/srv/spa/catalog.search#/home",17,45,1,"2026-01-07 09:44:13.394757-05"
415,9,"Geonetwork","Los Servicios de Catálogo constituyen uno de los tres servicios básicos de una Infraestructura de Datos Espaciales - IDE, (conjuntamente con los servicios de visualización - WMS y WMTS - y los servicios de descarga - WFS y WCS) puesto que con este servicio es posible acceder y consultar todos los recursos de informaciones disponibles en una o varias entidades públicas o privadas.",True,"https://metadatos.serfor.gob.pe:8443/geonetwork/srv/spa/catalog.search#/home",2,173,1,"2026-01-07 09:44:13.394757-05"
416,9,"Infraestructur a de Datos Espaciales -SNIRH","Plataforma digital interactiva donde se publica información geográfica relacionada a la gestión de los recursos hídricos para que instituciones publicas y privadas puedan acceder y descargar la información a través de servcios web (WMS y WFS) y Shapefile.",True,"https://snirh.ana.gob.pe/ConsultaIDE/",2,172,1,"2026-01-07 09:44:13.394757-05"
417,9,"Metadatos INGEMMET","Sistema que permite la búsqueda y el acceso a información producida por INGEMMET",True,"https://metadatos.ingemmet.gob.pe:8443/geonetwork/srv/spa/catalog.search#/home",20,176,1,"2026-01-07 09:44:13.394757-05"
418,9,"Portal de metadatos geográficos del SERNANP","Esta aplicación desarrollada permite acceder a información descriptiva (metadatos) de los datos geográficos. Esta información puede ser de mucha utilidad para trabajos de geoprocesamiento y análisis.",True,"https://metadatosgeograficos.sernanp.gob.pe/metadatos/srv/spa/catalog.search#/home",8,69,1,"2026-01-07 09:44:13.394757-05"
419,10,"Compendio de Mapas 2022","El Compendio de Mapas del Ministerio de Transportes y Comunicaciones, es una publicación periódica de mapas cuyo fin es difundir la información geográfica del sector Transportes y Comunicaciones, para dar a conocer la infraestructura de los diferentes modos de transportes a escala nacional y departamental, así como temáticas referidas a las inversiones en ejecución e indicadores de brechas de infraestructura.",True,"https://www.gob.pe/institucion/mtc/informes-publicaciones/4517084",19,210,1,"2026-01-07 09:44:13.394757-05"
420,10,"Compendio de Mapas 2023 - I Semestre","El Compendio de Mapas del Ministerio de Transportes y Comunicaciones, es una publicación periódica de mapas cuyo fin es difundir la información geográfica del sector Transportes y Comunicaciones, para dar a conocer la infraestructura de los diferentes modos de transportes a escala nacional y departamental, así como temáticas referidas a las inversiones en ejecución e indicadores de brechas de infraestructura.",True,"https://www.gob.pe/institucion/mtc/informes-publicaciones/5137608",19,210,1,"2026-01-07 09:44:13.394757-05"
421,10,"Compendio de Mapas 2023 - II Semestre","El Compendio de Mapas del Ministerio de Transportes y Comunicaciones, es una publicación periódica de mapas cuyo fin es difundir la información geográfica del sector Transportes y Comunicaciones, para dar a conocer la infraestructura de los diferentes modos de transportes a escala nacional y departamental, así como temáticas referidas a las inversiones en ejecución e indicadores de brechas de infraestructura.",True,"https://www.gob.pe/institucion/mtc/informes-publicaciones/5987687",19,210,1,"2026-01-07 09:44:13.394757-05"
422,10,"Compendio de Mapas 2024 - I Semestre","El Compendio de Mapas del Ministerio de Transportes y Comunicaciones, es una publicación periódica de mapas cuyo fin es difundir la información geográfica del sector Transportes y Comunicaciones, para dar a conocer la infraestructura de los diferentes modos de transportes a escala nacional y departamental, así como temáticas referidas a las inversiones en ejecución e indicadores de brechas de infraestructura.",True,"https://www.gob.pe/institucion/mtc/informes-publicaciones/6161466",19,210,1,"2026-01-07 09:44:13.394757-05"
423,10,"Compendio de Mapas 2024 - II Semestre","El Compendio de Mapas del Ministerio de Transportes y Comunicaciones, es una publicación periódica de mapas cuyo fin es difundir la información geográfica del sector Transportes y Comunicaciones, para dar a conocer la infraestructura de los diferentes modos de transportes a escala nacional y departamental, así como temáticas referidas a las inversiones en ejecución e indicadores de brechas de infraestructura.",True,"https://www.gob.pe/institucion/mtc/informes-publicaciones/6763678",19,210,1,"2026-01-07 09:44:13.394757-05"
424,10,"Conservación por Niveles de Servicios","Conservación por Niveles de Servicios en formato KML",True,"http://giserver.proviasnac.gob.pe/arcgis/rest/services/PROVIAS/MTC_CNS/MapServer/generateKML",19,210,1,"2026-01-07 09:44:13.394757-05"
425,10,"Demarcación Territorial","Brinda la información correspondiente a Limites Interdepartamentales, EDZ, SOT y categorizaciones.",True,"https://dt.regioncajamarca.gob.pe/",14,247,1,"2026-01-07 09:44:13.394757-05"
426,10,"Ecozonas","Cobertura de Ecozonas del Perú, corresponde a subpoblaciones usadas para el inventario nacional forestal y de fauna silvestre, definido en base en criterios fisiográfico, fisionómico, florístico, capacidad de almacenamiento de carbono y accesibilidad. Esta cobertura es empleada por los administrados en comunidades para aplicar al mecanismo de compensación de multas por conservación de bosques.",True,"https://sisfor.osinfor.gob.pe/visor/",5,56,1,"2026-01-07 09:44:13.394757-05"
427,10,"Estudios de la Red Vial Nacional","Estudios de la Red Vial Nacional",True,"http://giserver.proviasnac.gob.pe/arcgis/rest/services/PROVIAS/MTC_Estudios/MapServer/generateKML",19,210,1,"2026-01-07 09:44:13.394757-05"
428,10,"Información disponible Geoservidor","Esta herramienta permite disponer de información en formato shapefiles, a fin de ser utilizadas por los espacialistas en los diferentes analisis espaciales.",True,"https://geoservidor.minam.gob.pe/recursos/intercambio-de-datos/",8,68,1,"2026-01-07 09:44:13.394757-05"
429,10,"Itinerarios de la Red Vial Nacional","Itinerarios de la Red Vial Nacional en formato KML",True,"http://giserver.proviasnac.gob.pe/arcgis/rest/services/PROVIAS/MTC_Itinerario/MapServer/generateKML",19,210,1,"2026-01-07 09:44:13.394757-05"
430,10,"Mantenimien to de la Red Vial Nacional","Mantenimiento de la Red Vial Nacional en formato KML",True,"http://giserver.proviasnac.gob.pe/arcgis/rest/services/PROVIAS/MTC_Mantenimiento/MapServer/generateKML",19,210,1,"2026-01-07 09:44:13.394757-05"
431,10,"Mapa de Oficina Zonales 2019","Ámbito geográfico de Oficinas Zonales de DEVIDA",True,"https://sistemas.devida.gob.pe/geoporta1/vl/RepositorioMapas/descargarDocu?idArchivo=2",17,49,1,"2026-01-07 09:44:13.394757-05"
432,10,"Mapa de Población Objetivo PIRDAIS 2019","Ámbito geográfico de intervención de la Población Objetiva del Programa Presupuestal del PIRDAIS 2020",True,"https://sistemas.devida.gob.pe/geoporta1/vl/RepositorioMapas/descargarDocu?idArchivo=3",17,49,1,"2026-01-07 09:44:13.394757-05"
433,10,"Mapa de Proyectos y Actividades PIRDAIS 2020 - ZEI Corredor Amazónico","Ubicación de Proyectos y Actividades del PIRDAIS en la Zona estratégica del Corredor Amazónico año 2020",True,"https://sistemas.devida.gob.pe/geoporta1/vl/RepositorioMapas/descargarDocu?idArchivo=4",17,49,1,"2026-01-07 09:44:13.394757-05"
434,10,"Mapa de Proyectos y Actividades PIRDAIS 2020 - ZEI Huallaga","Ubicación de Proyectos y Actividades del PIRDAIS en la Zona Estratégica del Huallaga año 2020",True,"https://sistemas.devida.gob.pe/geoporta1/vl/RepositorioMapas/descargarDocu?idArchivo=5",17,49,1,"2026-01-07 09:44:13.394757-05"
435,10,"Mapa de Proyectos y Actividades PIRDAIS 2020 - ZEI La Convención-Kosñipata","Ubicación de Proyectos y Actividades del PIRDAIS en la Zona Estratégica La Convención-Kosñipata año 2020",True,"https://sistemas.devida.gob.pe/geoporta1/vl/RepositorioMapas/descargarDocu?idArchivo=6",17,49,1,"2026-01-07 09:44:13.394757-05"
436,10,"Mapa de Proyectos y Actividades PIRDAIS 2020 - ZEI Sur Amazónico","Ubicación de Proyectos y Actividades del PIRDAIS en la Zona Estratégica Sur Amazónico año 2020",True,"https://sistemas.devida.gob.pe/geoporta1/vl/RepositorioMapas/descargarDocu?idArchivo=7",17,49,1,"2026-01-07 09:44:13.394757-05"
437,10,"Mapa de Proyectos y Actividades PIRDAIS 2020 - ZEI Triple Frontera","Ubicación de Proyectos y Actividades del PIRDAIS en la Zona Estratégica La Convención-Kosñipata año 2020",True,"https://sistemas.devida.gob.pe/geoporta1/vl/RepositorioMapas/descargarDocu?idArchivo=8",17,49,1,"2026-01-07 09:44:13.394757-05"
438,10,"Mapa de Proyectos y Actividades PIRDAIS 2020 - ZEI VRAEM","Ubicación de Proyectos y Actividades del PIRDAIS en la Zona Estratégica VRAEM año 2020",True,"https://sistemas.devida.gob.pe/geoporta1/vl/RepositorioMapas/descargarDocu?idArchivo=9",17,49,1,"2026-01-07 09:44:13.394757-05"
439,10,"Mapas temáticos de Ayacucho","Mapas temáticos del departamento de Ayacucho para descargar",True,"https://www.regionayacucho.gob.pe/SIGWEB/",14,246,1,"2026-01-07 09:44:13.394757-05"
440,10,"Monitoreo de la Superficie Cultivada con Arbusto de hoja de Coca en producción 2017","Mapa de densidad de cultivos muestra la concentración de las áreas que han sido sembradas con cultivos de coca en el territorio Peruano, su valor se calcula a partir de las hectáreas de los polígonos cultivados que se encuentran en un kilómetro cuadrado año 2017.",True,"https://sistemas.devida.gob.pe/geoporta1/vl/RepositorioMapas/descargarDocu?idArchivo=10",17,49,1,"2026-01-07 09:44:13.394757-05"
441,10,"Monitoreo de la Superficie Cultivada con Arbusto de hoja de Coca en producción 2018","Mapa de densidad de cultivos muestra la concentración de las áreas que han sido sembradas con cultivos de coca en el territorio Peruano, su valor se calcula a partir de las hectáreas de los polígonos cultivados que se encuentran en un kilómetro cuadrado año 2018.",True,"https://sistemas.devida.gob.pe/geoporta1/vl/RepositorioMapas/descargarDocu?idArchivo=11",17,49,1,"2026-01-07 09:44:13.394757-05"
442,10,"Monitoreo de la Superficie Cultivada en Áreas Naturales Protegidas 2017","Mapa de densidad de cultivos muestra la concentración de las áreas que han sido sembradas con cultivos de coca en el territorio de Áreas Naturales Protegidas, su valor se calcula a partir de las hectáreas de los polígonos cultivados que se encuentran en un kilómetro cuadrado año 2017.",True,"https://sistemas.devida.gob.pe/geoporta1/vl/RepositorioMapas/descargarDocu?idArchivo=13",17,49,1,"2026-01-07 09:44:13.394757-05"
443,10,"Monitoreo de la Superficie Cultivada en Áreas Naturales Protegidas 2018","Mapa de densidad de cultivos muestra la concentración de las áreas que han sido sembradas con cultivos de coca en el territorio de Áreas Naturales Protegidas, su valor se calcula a partir de las hectáreas de los polígonos cultivados que se encuentran en un kilómetro cuadrado año 2018.",True,"https://sistemas.devida.gob.pe/geoporta1/vl/RepositorioMapas/descargarDocu?idArchivo=14",17,49,1,"2026-01-07 09:44:13.394757-05"
444,10,"Monitoreo de la Superficie Cultivada en Áreas Naturales Protegidas 2019","Mapa de densidad de cultivos muestra la concentración de las áreas que han sido sembradas con cultivos de coca en el territorio de Áreas Naturales Protegidas, su valor se calcula a partir de las hectáreas de los polígonos cultivados que se encuentran en un kilómetro cuadrado año 2019.",True,"https://sistemas.devida.gob.pe/geoporta1/vl/RepositorioMapas/descargarDocu?idArchivo=15",17,49,1,"2026-01-07 09:44:13.394757-05"
445,10,"Obras de la Red Vial Nacional","Obras de la Red Vial Nacional",True,"http://giserver.proviasnac.gob.pe/arcgis/rest/services/PROVIAS/MTC_Obras/MapServer/generateKML",19,210,1,"2026-01-07 09:44:13.394757-05"
446,10,"Peajes concesionados de la Red Vial Nacional","Peajes concesionados de la Red Vial Nacional en formato KML",True,"http://giserver.proviasnac.gob.pe/arcgis/rest/services/PROVIAS/MTC_PeajesConcesionados/MapServer/generateKML",19,210,1,"2026-01-07 09:44:13.394757-05"
447,10,"Peajes no concesionados de la Red Vial Nacional","Peajes no concesionados de la Red Vial Nacional en formato KML",True,"http://giserver.proviasnac.gob.pe/arcgis/rest/services/PROVIAS/MTC_PeajesNoConcesionados/MapServer/generateKML",19,210,1,"2026-01-07 09:44:13.394757-05"
448,10,"Portal Principal Ordenamiento Territorial GRC","Contiene toda la información correspondiente al proceso de Ordenamiento Territorial de Cajamarca incluyendo mapas y shapefiles",True,"http://zeeot.regioncajamarca.gob.pe/",14,247,1,"2026-01-07 09:44:13.394757-05"
449,10,"Puentes de la Red Vial Nacional","Puentes de la Red Vial Nacional en formato KML",True,"http://giserver.proviasnac.gob.pe/arcgis/rest/services/PROVIAS/MTC_Puentes/MapServer/generateKML",19,210,1,"2026-01-07 09:44:13.394757-05"
450,10,"Red Vial Nacional","Red Vial Nacional",True,"http://giserver.proviasnac.gob.pe/arcgis/rest/services/PROVIAS/MTC_InfraestructuraVial/MapServer/generateKML",19,210,1,"2026-01-07 09:44:13.394757-05"
451,10,"Monitoreo de la Superficie Cultivada con Arbusto de hoja de Coca en producción 2019","Mapa de densidad de cultivos muestra la concentración de las áreas que han sido sembradas con cultivos de coca en el territorio Peruano, su valor se calcula a partir de las hectáreas de los polígonos cultivados que se encuentran en un kilómetro cuadrado año 2019.",True,"https://sistemas.devida.gob.pe/geoporta1/vl/RepositorioMapas/descargarDocu?idArchivo=12",17,49,4,"2026-03-18 09:46:26.569618-05"
452,6,"SIGDA","El SIGDA, es un conjunto de herramientas que permiten organizar, almacenar, manipular, analizar y modelar los datos georreferenciados de Monumentos Arqueológicos Prehispánicos, con la finalidad de atender los diversos procedimientos relacionados al Catastro Arqueológico del Ministerio de Cultura a nivel nacional.",True,"http://sigda.cultura.gob.pe/",17,62,3,"2026-03-25 09:01:38.619103-05"
453,6,"Mapa Sonoro Estadístico de Lenguas Indígenas u Originarias del Perú","Mapa Sonoro Estadístico de Lenguas Indígenas u Originarias del Perú",True,"https://geoportal.cultura.gob.pe/mapa/perfil/lenguas",17,62,3,"2026-03-25 09:02:20.882421-05"
454,6,"GEOPATRIMONIO","Búsqueda e información de ubicación de Sitios Arqueológicos; Monumentos Histórico Artísticos; Manifestaciones Culturales; CIRAS. AK'AWILLAY, ALQA VICTORIAA, entre otros.",True,"http://www.geopatrimoniocusco.pe/",17,62,3,"2026-03-25 09:03:39.084461-05"
455,6,"Monitoreo Operativo del Observatorio Energético Minero","Presenta visores estratégicos como herramientas de soporte para la toma de decisiones en los procesos de regulación, inversión y supervisión por subsectores, así como modelamiento y monitoreo de riesgos y conflictos sociales.",True,"https://dassem.osinergmin.gob.pe/",20,52,4,"2026-03-25 16:44:47.624618-05"
